"estimator","S","Y","coef","se","lci","uci","denominator_coef","denominator_lci","denominator_uci"
"benchmark",NA,"Ycons",-0.0752657302974724,0.0447085841675655,-0.148804807121358,-0.00172665347358716,NA,NA,NA
"rsv","Sreal","Ycons",-0.0318011969728039,0.0205388225780948,-0.065584553783696,0.00198215983808808,0.745135849443512,0.632610606378578,0.857661092508445
"rsv","Ssynth","Ycons",-0.0699480396065696,0.0334696538068206,-0.125000721063528,-0.0148953581496106,0.713322983886826,0.623709953119077,0.802936014654575
"benchmark",NA,"Ylowinc",-0.0234631140745523,0.0151532326995153,-0.0483879638403896,0.00146173569128509,NA,NA,NA
"rsv","Sreal","Ylowinc",-0.00897805782496629,0.0096979595907057,-0.0249297818317674,0.0069736661818348,1.77747525707178,1.43714212625382,2.11780838788974
"rsv","Ssynth","Ylowinc",-0.0236508194212611,0.0130870859214602,-0.0451771601654004,-0.00212447867712182,1.75833613742992,1.46474189976789,2.05193037509195
"benchmark",NA,"Ymidinc",-0.039636555435617,0.0277314066224761,-0.0852506601990629,0.0059775493278289,NA,NA,NA
"rsv","Sreal","Ymidinc",-0.0249890257181728,0.0150434200615471,-0.0497332497681631,-0.000244801668182606,0.754432169841948,0.643308163375559,0.865556176308338
"rsv","Ssynth","Ymidinc",-0.0366032081399995,0.0241045860419464,-0.0762517239172588,0.00304530763725983,0.740080984219698,0.650161889484054,0.830000078955342
