"estimator","S","Y","coef","se","lci","uci"
"rsv","realS","Ycons",1.87604771761755,0.218000254477968,1.51746920836312,2.23462622687198
"rsv","synthS","Ycons",1.47280897836301,0.113423707335067,1.28624358197064,1.65937437475537
"rsv","realS","Ylowinc",4.67011538446643,0.679138656573947,3.55303170199782,5.78719906693503
"rsv","synthS","Ylowinc",3.94506288519595,0.43150072912518,3.23530734586219,4.65481842452971
"rsv","realS","Ymidinc",1.90592092629199,0.183846375045144,1.6035205494971,2.20832130308687
"rsv","synthS","Ymidinc",1.60381150547653,0.123517742883151,1.40064289810232,1.80698011285074
