"estimator","S","Y","coef","se","lci","uci"
"benchmark",NA,"Ycons",-0.0746084493662126,0.0447479010808268,-0.148212196757476,-0.00100470197494897
"benchmark",NA,"Ylowinc",-0.0234859433491114,0.0151509609066424,-0.0484070563482021,0.00143516964997921
"benchmark",NA,"Ymidinc",-0.0397284529391391,0.0277287728672197,-0.0853382255606991,0.00588131968242086
"rsv","realS","Ycons",-0.0127124804342246,0.0099492896445583,-0.029077605591667,0.00365264472321787
"rsv","synthS","Ycons",-0.033996869478097,0.0182328342338292,-0.063987212997216,-0.00400652595897804
"rsv","realS","Ylowinc",-0.0035691604052032,0.00429351492135731,-0.010631363995968,0.00349304318556163
"rsv","synthS","Ylowinc",-0.0110267892905537,0.00655957856535206,-0.0218163358850462,-0.000237242696061211
"rsv","realS","Ymidinc",-0.0094551832554978,0.00684123539703679,-0.0207080141111426,0.00179764760014695
"rsv","synthS","Ymidinc",-0.0170500010894966,0.0117474363309691,-0.0363728143458727,0.00227281216687952
