"estimator","S","Y","coef","se","lci","uci"
"rsv","realS","Ycons",0.744997666307697,0.0673794998747279,0.634168251556575,0.85582708105882
"rsv","synthS","Ycons",0.715428746263621,0.0542774349876726,0.626150310462525,0.804707182064717
"rsv","realS","Ylowinc",1.78083303906754,0.197888395279298,1.45533559436078,2.1063304837743
"rsv","synthS","Ylowinc",1.76366763775449,0.17430317831322,1.47696442271682,2.05037085279216
"rsv","realS","Ymidinc",0.756459066380737,0.0646557393785851,0.650109838960642,0.862808293800832
"rsv","synthS","Ymidinc",0.738418989668443,0.0536834463711654,0.650117578197576,0.826720401139309
