"estimator","S","Y","coef","se","lci","uci"
"benchmark",NA,"Ycons",-0.0746084493662126,0.0447479010808268,-0.148212196757476,-0.00100470197494897
"benchmark",NA,"Ylowinc",-0.0234859433491114,0.0151509609066424,-0.0484070563482021,0.00143516964997921
"benchmark",NA,"Ymidinc",-0.0397284529391391,0.0277287728672197,-0.0853382255606991,0.00588131968242086
"rsv","realS","Ycons",-0.033184837836811,0.0206259929058961,-0.0671115770775495,0.000741901403927395
"rsv","synthS","Ycons",-0.068607029978667,0.0321113360933381,-0.121425477618052,-0.0157885823392822
"rsv","realS","Ylowinc",-0.00998368461655728,0.0104633424371053,-0.0271943513742652,0.00722698214115062
"rsv","synthS","Ylowinc",-0.0238923782215031,0.0126004523569981,-0.0446182779821406,-0.00316647846086554
"rsv","realS","Ymidinc",-0.0240287311576559,0.0150218884508266,-0.0487375388596584,0.00068007654434667
"rsv","synthS","Ymidinc",-0.0362130904656364,0.0226722407197565,-0.0735056078446448,0.00107942691337201
