"sample","estimate","se","ci_lower","ci_upper"
"obs",0.262204958507308,0.0479510562011532,0.183332489798687,0.341077427215928
"val",0.315738826394764,0.0533275017828587,0.228022891670968,0.40345476111856
