"estimator","coef","se"
"rsv",0.141703027366304,0.0782220920627356
"common_practice",0.075208826439243,0.0379626076540053
